{"cameraMode":{"drawMode":0,"name":"Shaded","section":"Shading Mode"},"sceneLighting":true,"audioPlay":false,"sceneViewState":{"m_AlwaysRefresh":false,"showFog":true,"showSkybox":true,"showFlares":true,"showImageEffects":true,"showParticleSystems":true,"showVisualEffectGraphs":true,"m_FxEnabled":true},"in2DMode":false,"pivot":{"x":2.192326307296753,"y":0.3339017629623413,"z":3.612046718597412},"rotation":{"x":-0.08637279272079468,"y":-0.2645112872123718,"z":0.023792704567313196,"w":-0.9602173566818237},"size":3.9238038063049318,"orthographic":false}