{"cameraMode":{"drawMode":0,"name":"Shaded","section":"Shading Mode"},"sceneLighting":true,"audioPlay":false,"sceneViewState":{"m_AlwaysRefresh":false,"showFog":true,"showSkybox":true,"showFlares":true,"showImageEffects":true,"showParticleSystems":true,"showVisualEffectGraphs":true,"m_FxEnabled":true},"in2DMode":false,"pivot":{"x":-0.656117856502533,"y":-0.006445508915930986,"z":-1.2748548984527588},"rotation":{"x":0.036032069474458697,"y":-0.9635210037231445,"z":0.17174987494945527,"w":0.20209632813930512},"size":1.8121774196624756,"orthographic":false}