{"cameraMode":{"drawMode":0,"name":"Shaded","section":"Shading Mode"},"sceneLighting":true,"audioPlay":false,"sceneViewState":{"m_AlwaysRefresh":false,"showFog":true,"showSkybox":true,"showFlares":true,"showImageEffects":true,"showParticleSystems":true,"showVisualEffectGraphs":true,"m_FxEnabled":true},"in2DMode":false,"pivot":{"x":1.1559478044509888,"y":1.8296802043914796,"z":0.2736780047416687},"rotation":{"x":-0.2085699439048767,"y":0.7347741723060608,"z":-0.2597484290599823,"w":-0.5909498929977417},"size":0.23199798166751862,"orthographic":false}