{"cameraMode":{"drawMode":0,"name":"Shaded","section":"Shading Mode"},"sceneLighting":true,"audioPlay":false,"sceneViewState":{"m_AlwaysRefresh":false,"showFog":true,"showSkybox":true,"showFlares":true,"showImageEffects":true,"showParticleSystems":true,"showVisualEffectGraphs":true,"m_FxEnabled":true},"in2DMode":false,"pivot":{"x":0.33163753151893618,"y":0.9632653594017029,"z":0.9092477560043335},"rotation":{"x":-0.6454938650131226,"y":-0.17285460233688355,"z":0.15326784551143647,"w":-0.7279960513114929},"size":0.5800778865814209,"orthographic":false}