{"cameraMode":{"drawMode":0,"name":"Shaded","section":"Shading Mode"},"sceneLighting":false,"audioPlay":false,"sceneViewState":{"m_AlwaysRefresh":false,"showFog":true,"showSkybox":false,"showFlares":true,"showImageEffects":true,"showParticleSystems":true,"showVisualEffectGraphs":true,"m_FxEnabled":true},"in2DMode":false,"pivot":{"x":-0.09811341017484665,"y":0.03404335305094719,"z":0.08729901909828186},"rotation":{"x":0.04273463040590286,"y":0.9181047677993774,"z":-0.10317717492580414,"w":0.38029351830482485},"size":0.0011044436832889915,"orthographic":false}