{"cameraMode":{"drawMode":0,"name":"Shaded","section":"Shading Mode"},"sceneLighting":false,"audioPlay":false,"sceneViewState":{"m_AlwaysRefresh":false,"showFog":true,"showSkybox":false,"showFlares":true,"showImageEffects":true,"showParticleSystems":true,"showVisualEffectGraphs":true,"m_FxEnabled":true},"in2DMode":false,"pivot":{"x":-0.8832734227180481,"y":0.35451123118400576,"z":0.5878323316574097},"rotation":{"x":-0.020798448473215104,"y":-0.9693492650985718,"z":0.22889143228530885,"w":-0.08730103820562363},"size":0.08203955739736557,"orthographic":false}